File,Result,Runtime (s)
Stroeder_15__2Nested_true-termination.c__p20185_terminationG_0.smt2,SAT,0.1621
Stroeder_15__2Nested_true-termination.c__p20190_terminationG_0.smt2,SAT,0.2097
Stroeder_15__4NestedWith3Variables_true-termination.c__p20202_terminationG_0.smt2,UNSAT,0.1428
Stroeder_15__4NestedWith3Variables_true-termination.c__p20203_terminationG_0.smt2,UNSOLVED,20.0
Stroeder_15__4NestedWith3Variables_true-termination.c__p20204_terminationG_0.smt2,UNSOLVED,20.0
Stroeder_15__4NestedWith3Variables_true-termination.c__p20211_terminationG_0.smt2,UNSOLVED,20.0
Stroeder_15__4NestedWith3Variables_true-termination.c__p20212_terminationG_0.smt2,UNSOLVED,20.0
Stroeder_15__4NestedWith3Variables_true-termination.c__p20216_terminationG_0.smt2,SAT,1.7907
Stroeder_15__4NestedWith3Variables_true-termination.c__p20217_terminationG_0.smt2,UNSOLVED,20.0
Stroeder_15__4NestedWith3Variables_true-termination.c__p20227_terminationG_0.smt2,SAT,5.1
Stroeder_15__4NestedWith3Variables_true-termination.c__p20228_terminationG_0.smt2,UNSOLVED,20.0
Stroeder_15__4NestedWith3Variables_true-termination.c__p20232_terminationG_0.smt2,SAT,16.8445
Stroeder_15__4NestedWith3Variables_true-termination.c__p20233_terminationG_0.smt2,UNSOLVED,20.0
Stroeder_15__4NestedWith3Variables_true-termination.c__p20238_terminationG_0.smt2,SAT,3.4267
Stroeder_15__4NestedWith3Variables_true-termination.c__p20239_terminationG_0.smt2,UNSOLVED,20.0
Stroeder_15__4NestedWith3Variables_true-termination.c__p20246_terminationG_0.smt2,UNSOLVED,20.0
Stroeder_15__4NestedWith3Variables_true-termination.c__p20247_terminationG_0.smt2,UNSOLVED,20.0
Stroeder_15__4NestedWith3Variables_true-termination.c__p20253_terminationG_0.smt2,SAT,0.9946
Stroeder_15__4NestedWith3Variables_true-termination.c__p20254_terminationG_0.smt2,UNSOLVED,20.0
Stroeder_15__4NestedWith3Variables_true-termination.c__p20255_terminationG_0.smt2,UNSOLVED,20.0
Stroeder_15__4NestedWith3Variables_true-termination.c__p20259_terminationG_0.smt2,SAT,5.382
Stroeder_15__4NestedWith3Variables_true-termination.c__p20260_terminationG_0.smt2,UNSOLVED,20.0
Stroeder_15__4NestedWith3Variables_true-termination.c__p20269_terminationG_0.smt2,SAT,1.9707
Stroeder_15__4NestedWith3Variables_true-termination.c__p20270_terminationG_0.smt2,SAT,14.4136
Stroeder_15__4NestedWith3Variables_true-termination.c__p20271_terminationG_0.smt2,UNSOLVED,20.0
Stroeder_15__4NestedWith3Variables_true-termination.c__p20279_terminationG_0.smt2,SAT,2.6372
Stroeder_15__4NestedWith3Variables_true-termination.c__p20280_terminationG_0.smt2,UNSOLVED,20.0
Stroeder_15__4NestedWith3Variables_true-termination.c__p20281_terminationG_0.smt2,UNSOLVED,20.0
Stroeder_15__4NestedWith3Variables_true-termination.c__p20288_terminationG_0.smt2,SAT,6.2913
Stroeder_15__4NestedWith3Variables_true-termination.c__p20289_terminationG_0.smt2,UNSOLVED,20.0
Stroeder_15__4NestedWith3Variables_true-termination.c__p20305_terminationG_0.smt2,SAT,6.7939
Stroeder_15__4NestedWith3Variables_true-termination.c__p20306_terminationG_0.smt2,UNSOLVED,20.0
Stroeder_15__4NestedWith3Variables_true-termination.c__p20307_terminationG_0.smt2,UNSOLVED,20.0
Stroeder_15__4NestedWith3Variables_true-termination.c__p20312_terminationG_0.smt2,SAT,9.2344
Stroeder_15__4NestedWith3Variables_true-termination.c__p20313_terminationG_0.smt2,UNSOLVED,20.0
Stroeder_15__4NestedWith3Variables_true-termination.c__p20314_terminationG_0.smt2,UNSOLVED,20.0
Stroeder_15__4NestedWith3Variables_true-termination.c__p20324_terminationG_0.smt2,UNSAT,1.7412
Stroeder_15__4NestedWith3Variables_true-termination.c__p20325_terminationG_0.smt2,UNSOLVED,20.0
Stroeder_15__4NestedWith3Variables_true-termination.c__p20326_terminationG_0.smt2,UNSOLVED,20.0
Stroeder_15__4NestedWith3Variables_true-termination.c__terminationS_0_0.smt2,UNSAT,0.4765
Stroeder_15__4NestedWith3Variables_true-termination.c__terminationS_3_0.smt2,UNSAT,0.6359
Stroeder_15__4NestedWith3Variables_true-termination.c__terminationS_4_0.smt2,SAT,0.2874
Stroeder_15__AliasDarteFeautrierGonnord-SAS2010-Fig1_true-termination.c__p20413_terminationG_0.smt2,SAT,1.087
Stroeder_15__AliasDarteFeautrierGonnord-SAS2010-Fig2b_true-termination.c__p20426_terminationG_0.smt2,SAT,1.1674
Stroeder_15__AliasDarteFeautrierGonnord-SAS2010-Fig2b_true-termination.c__terminationS_1_0.smt2,UNSAT,0.2578
Stroeder_15__AliasDarteFeautrierGonnord-SAS2010-counterex1b_true-termination.c__p20394_terminationG_0.smt2,SAT,0.2321
Stroeder_15__AliasDarteFeautrierGonnord-SAS2010-counterex1b_true-termination.c__p20395_terminationG_0.smt2,SAT,1.6607
25_stack_longer-1-O0.smt2,UNSOLVED,20.0
25_stack_longer-2-O0.smt2,UNSOLVED,20.0
25_stack_longest-1-O0.smt2,UNSOLVED,20.0
25_stack_longest-2-O0.smt2,UNSOLVED,20.0
26_stack_cas_longer-1-O0.smt2,UNSOLVED,20.0
26_stack_cas_longer-2-O0.smt2,UNSOLVED,20.0
26_stack_cas_longest-1-O0.smt2,UNSOLVED,20.0
26_stack_cas_longest-2-O0.smt2,UNSOLVED,20.0
28-race_reach_45-escape_racing-O0.smt2,SAT,16.2079
28-race_reach_46-escape_racefree-O0.smt2,UNSOLVED,20.0
36_stack_cas_p0_vs_concur-O0.smt2,UNSAT,10.4284
37_stack_lock_p0_vs_concur-O0.smt2,UNSAT,8.8241
pthread-demo-datarace-1-O0.smt2,UNSAT,5.1916
pthread-demo-datarace-2-O0.smt2,UNSOLVED,20.0
race-2_1-container_of-O0.smt2,UNSOLVED,20.0
race-2_2-container_of-O0.smt2,UNSOLVED,20.0
race-2_3-container_of-O0.smt2,UNSOLVED,20.0
race-2_4-container_of-O0.smt2,UNSOLVED,20.0
race-2_5-container_of-O0.smt2,UNSOLVED,20.0
race-3_1-container_of-global-O0.smt2,UNSOLVED,20.0
race-3_2-container_of-global-O0.smt2,UNSOLVED,20.0
scull-O0.smt2,UNSAT,1.1224
singleton-O0.smt2,UNSOLVED,20.0
singleton_with-uninit-problems-O0.smt2,UNSAT,1.2488
array-2-O0.smt2,SAT,0.7453
array_1-1-O0.smt2,UNSAT,1.6565
array_1-2-O0.smt2,UNSAT,0.2885
array_2-1-O0.smt2,UNSAT,3.4554
array_2-2-O0.smt2,UNSAT,3.4739
array_3-1-O0.smt2,UNSAT,0.7541
array_3-2-O0.smt2,UNSAT,0.7383
array_4-O0.smt2,UNSAT,0.75
MC_03.smt2,UNSOLVED,20.0
MC_04.smt2,UNSOLVED,20.0
MC_05.smt2,UNSOLVED,20.0
MC_06.smt2,UNSOLVED,20.0
MC_07.smt2,UNSOLVED,20.0
MC_08.smt2,UNSOLVED,20.0
MC_09.smt2,UNSOLVED,20.0
MC_10.smt2,UNSOLVED,20.0
MC_11.smt2,UNSOLVED,20.0
MC_12.smt2,UNSOLVED,20.0
MF_03.smt2,UNSOLVED,20.0
MF_04.smt2,UNSOLVED,20.0
MF_05.smt2,UNSOLVED,20.0
MF_06.smt2,UNSOLVED,20.0
MF_07.smt2,UNSOLVED,20.0
MF_08.smt2,UNSOLVED,20.0
MF_09.smt2,UNSOLVED,20.0
MF_10.smt2,UNSOLVED,20.0
MF_11.smt2,UNSOLVED,20.0
MF_12.smt2,UNSOLVED,20.0
MQ_03.smt2,UNSOLVED,20.0
MQ_04.smt2,UNSOLVED,20.0
MQ_05.smt2,UNSOLVED,20.0
MQ_06.smt2,UNSOLVED,20.0
MQ_07.smt2,UNSOLVED,20.0
MQ_08.smt2,UNSOLVED,20.0
MQ_09.smt2,UNSOLVED,20.0
MQ_10.smt2,UNSOLVED,20.0
MQ_11.smt2,UNSOLVED,20.0
MQ_12.smt2,UNSOLVED,20.0
MS_03.smt2,UNSOLVED,20.0
MS_04.smt2,UNSOLVED,20.0
MS_05.smt2,UNSOLVED,20.0
MS_06.smt2,UNSOLVED,20.0
MS_07.smt2,UNSOLVED,20.0
MS_08.smt2,UNSOLVED,20.0
MS_09.smt2,UNSOLVED,20.0
MS_10.smt2,UNSOLVED,20.0
MS_11.smt2,UNSOLVED,20.0
MS_12.smt2,UNSOLVED,20.0
RTA_091.smt2,UNSOLVED,20.0
RTA_092.smt2,UNSOLVED,20.0
RTA_093.smt2,UNSOLVED,20.0
RTA_094.smt2,UNSOLVED,20.0
RTA_095.smt2,UNSOLVED,20.0
RTA_096.smt2,UNSOLVED,20.0
cohencu.c_2.smt2,UNSOLVED,20.0
cohencu.c_4.smt2,UNSOLVED,20.0
divbin2.c_3.smt2,UNSOLVED,20.0
divbin2.c_4.smt2,UNSOLVED,20.0
divbin2.c_5.smt2,UNSOLVED,20.0
divbin2.c_6.smt2,UNSOLVED,20.0
divbin2.c_7.smt2,UNSOLVED,20.0
divbin2.c_8.smt2,UNSOLVED,20.0
divbin2.c_9.smt2,UNSOLVED,20.0
egcd.c_1.smt2,UNSOLVED,20.0
hard-ll.c_0.smt2,UNSOLVED,20.0
hard-ll.c_1.smt2,UNSOLVED,20.0
hard-ll.c_2.smt2,UNSOLVED,20.0
hard-ll.c_3.smt2,UNSOLVED,20.0
hard-ll.c_4.smt2,UNSOLVED,20.0
hard.c_2.smt2,UNSOLVED,20.0
hard.c_3.smt2,UNSOLVED,20.0
interleave_bits.c_1.smt2,UNSOLVED,20.0
interleave_bits.c_2.smt2,UNSAT,16.3829
jain_5-2.c_0.smt2,UNSOLVED,20.0
jain_7-2.c_3.smt2,UNSOLVED,20.0
nested5-2.c_0.smt2,UNSAT,1.2234
ps4-ll.c_0.smt2,UNSOLVED,20.0
ps4-ll.c_10.smt2,UNSOLVED,20.0
ps4-ll.c_11.smt2,UNSOLVED,20.0
ps4-ll.c_12.smt2,UNSOLVED,20.0
ps4-ll.c_13.smt2,UNSOLVED,20.0
ps4-ll.c_2.smt2,UNSOLVED,20.0
ps4-ll.c_4.smt2,UNSOLVED,20.0
ps4-ll.c_5.smt2,UNSOLVED,20.0
ps5-ll.c_0.smt2,UNSOLVED,20.0
ps5-ll.c_10.smt2,UNSOLVED,20.0
ps5-ll.c_11.smt2,UNSOLVED,20.0
ps5-ll.c_12.smt2,UNSOLVED,20.0
ps5-ll.c_13.smt2,UNSOLVED,20.0
ps5-ll.c_2.smt2,UNSOLVED,20.0
ps5-ll.c_3.smt2,UNSOLVED,20.0
ps5-ll.c_4.smt2,UNSOLVED,20.0
ps5-ll.c_5.smt2,UNSOLVED,20.0
ps6.c_0.smt2,UNSOLVED,20.0
ps6.c_10.smt2,UNSOLVED,20.0
ps6.c_11.smt2,UNSOLVED,20.0
ps6.c_12.smt2,UNSOLVED,20.0
ps6.c_13.smt2,UNSOLVED,20.0
modInv128.smt2,UNSOLVED,20.0
modInv16.smt2,UNSOLVED,20.0
modInv32.smt2,UNSOLVED,20.0
modInv64.smt2,UNSOLVED,20.0
modInv8.smt2,UNSOLVED,20.0
modInvFull.smt2,UNSOLVED,20.0
modInvInitial.smt2,UNSOLVED,20.0
modInvStep.smt2,UNSOLVED,20.0
modInvStepSimplified.smt2,UNSOLVED,20.0
modInvVar1.smt2,UNSOLVED,20.0
sqrtStep1.smt2,UNSAT,0.854
sqrtStep1a.smt2,UNSAT,0.8541
sqrtStep2.smt2,UNSOLVED,20.0
sqrtStep2a.smt2,UNSOLVED,20.0
sqrtStep3.smt2,UNSAT,1.143
sqrtStep3a.smt2,UNSAT,0.4606
sqrtStep4.smt2,UNSAT,2.6232
sqrtStep4a.smt2,UNSAT,0.4149
sqrtStep5.smt2,UNSAT,2.7973
sqrtStep5a.smt2,UNSAT,0.1626
sqrtStep6.smt2,UNSAT,3.1298
sqrtStep6a.smt2,UNSAT,0.3602
sqrtStep7.smt2,UNSAT,4.3652
sqrtStep7a.smt2,UNSAT,1.4549
sqrtStepFinal.smt2,UNSOLVED,20.0
sqrtStepFinala.smt2,UNSOLVED,20.0
B_1.smt2,UNSOLVED,1.3034
B_2.smt2,UNSOLVED,3.8336
C_1.smt2,UNSOLVED,6.7396
C_2.smt2,UNSOLVED,20.0
D_1.smt2,UNSOLVED,20.0
D_2.smt2,UNSOLVED,20.0
E_1.smt2,UNSOLVED,20.0
E_2.smt2,UNSOLVED,20.0
aproveSMT1001700549504608195.smt2,SAT,4.9409
aproveSMT100500964594886141.smt2,UNSAT,17.0622
aproveSMT1007445772889800596.smt2,SAT,0.1085
aproveSMT1010832203505577909.smt2,SAT,-0.6508
aproveSMT102176498393626587.smt2,SAT,0.2783
aproveSMT1033597413588659161.smt2,SAT,1.5653
aproveSMT1047107094794491268.smt2,UNSAT,8.4188
aproveSMT1059628807158111792.smt2,UNSAT,0.0193
aproveSMT1067132971625049215.smt2,SAT,18.5752
aproveSMT1067631316961394932.smt2,SAT,4.313
aproveSMT1074794681419974085.smt2,SAT,0.1385
aproveSMT1074996860240419241.smt2,SAT,12.618
aproveSMT1090696552017880877.smt2,SAT,2.6717
aproveSMT1091600435177837637.smt2,SAT,4.0095
aproveSMT1092050415997084290.smt2,UNSAT,0.3207
aproveSMT109680382490054156.smt2,UNSOLVED,20.0
aproveSMT1100514060021376770.smt2,SAT,0.0402
digital-stopwatch.locals.nosummaries.smt2,UNSOLVED,20.0
digital-stopwatch.locals.smt2,UNSAT,0.1828
4NestedWith3Variables_true-termination.c_Iteration1_Loop+nonterminationTemplate_0.smt2,UNSAT,5.4166
AliasDarteFeautrierGonnord-SAS2010-aaron3_true-termination.c_Iteration1_Loop+nonterminationTemplate_0.smt2,UNSAT,0.175
Benghazi_nondet_true-termination.c_Iteration1_Loop+nonterminationTemplate_0.smt2,UNSAT,1.5653
ChawdharyCookGulwaniSagivYang-ESOP2008-aaron4_true-termination.c_Iteration1_Loop+nonterminationTemplate_0.smt2,UNSAT,0.6214
ChenFlurMukhopadhyay-SAS2012-Ex2.06_false-termination.c_Iteration1_Lasso+nonterminationTemplate_0.smt2,UNSOLVED,20.0
ChenFlurMukhopadhyay-SAS2012-Ex2.06_false-termination.c_Iteration1_Loop+nonterminationTemplate_0.smt2,UNSOLVED,20.0
ChenFlurMukhopadhyay-SAS2012-Ex2.11_false-termination.c_Iteration1_Loop+nonterminationTemplate_0.smt2,UNSOLVED,20.0
ChenFlurMukhopadhyay-SAS2012-Ex3.04_true-termination.c_Iteration1_Loop+nonterminationTemplate_0.smt2,UNSAT,0.7613
ChenFlurMukhopadhyay-SAS2012-Ex4.01_true-termination.c_Iteration1_Loop+nonterminationTemplate_0.smt2,UNSAT,0.9865
Hanoi_plus_false-termination.c_Iteration1_Lasso+nonterminationTemplate_0.smt2,UNSAT,0.3331
Hanoi_plus_false-termination.c_Iteration1_Loop+nonterminationTemplate_0.smt2,UNSAT,0.2633
gauss_sum_true-unreach-call.i.smt2,UNSAT,0.0743
Avery-2006FLOPS-Tabel1_true-alloca_true-termination.c.i_Iteration2_Lasso+nonterminationTemplate.smt2,UNSAT,0.3337
a.06-alloca_true-termination.c.i_Iteration1_Lasso+nonterminationTemplate.smt2,UNSAT,0.4275
a.07-alloca_true-termination.c.i_Iteration2_Lasso+nonterminationTemplate.smt2,UNSAT,0.4333
b.07-alloca_true-termination.c.i_Iteration2_Lasso+nonterminationTemplate.smt2,UNSAT,0.4269
b.13-alloca_true-termination.c.i_Iteration1_Lasso+nonterminationTemplate.smt2,UNSAT,0.3558
b.15-alloca_true-termination.c.i_Iteration4_Lasso+nonterminationTemplate.smt2,UNSAT,0.4316
b.17-alloca_true-termination.c.i_Iteration2_Lasso+nonterminationTemplate.smt2,UNSAT,0.4121
c.03-alloca_true-termination.c.i_Iteration1_Lasso+nonterminationTemplate.smt2,UNSAT,0.4089
flag-alloca_true-termination.c.i_Iteration1_Lasso+nonterminationTemplate.smt2,UNSAT,0.5963
openbsd_cstrstr-alloca_true-termination.c.i_Iteration8_Lasso+nonterminationTemplate.smt2,UNSAT,0.4493
twisted-alloca_true-termination.c.i_Iteration2_Lasso+nonterminationTemplate.smt2,UNSAT,0.2987
term-0Awwcv.smt2,SAT,0.1047
term-0BB4ks.smt2,SAT,6.9679
term-0Hb4yp.smt2,SAT,0.0318
term-0iwxZS.smt2,SAT,0.1649
term-3wwoHp.smt2,SAT,0.8194
term-44GWq9.smt2,SAT,0.0646
term-47h0ua.smt2,SAT,0.4721
term-4LNX6G.smt2,SAT,0.0303
term-4Th0Gp.smt2,SAT,0.156
term-4UoYtH.smt2,SAT,0.0304
term-4d0iwO.smt2,SAT,0.0295
term-5Luqnl.smt2,SAT,0.0243
term-607QpU.smt2,SAT,0.3865
term-6k3pKM.smt2,SAT,0.2147
term-6mYU5G.smt2,SAT,0.0801
term-6zE855.smt2,SAT,0.1353
term-71B6am.smt2,SAT,0.0432
term-7DXK1v.smt2,SAT,0.6413
term-7njo7V.smt2,SAT,0.0184
term-7zXPfO.smt2,SAT,0.0488
term-87NL0Z.smt2,SAT,7.7248
term-8UXrgn.smt2,SAT,0.0527
term-9AOvYh.smt2,SAT,0.0191
term-9mUXbx.smt2,SAT,0.1018
term-9uFTFt.smt2,SAT,0.3834
term-AlRgl3.smt2,SAT,0.1532
term-AvoWGH.smt2,SAT,0.0268
term-AwuLMZ.smt2,SAT,0.0812
term-BKc7xf.smt2,UNSOLVED,20.0
term-BjWYcv.smt2,SAT,0.0474
term-BpsRn7.smt2,SAT,6.6829
term-EcNqkB.smt2,SAT,0.1157
term-G0osfI.smt2,SAT,0.0385
term-GPalmJ.smt2,SAT,0.0435
term-Gxx8TQ.smt2,SAT,0.7039
term-H9wl52.smt2,SAT,0.0187
term-HonGrM.smt2,SAT,0.0227
term-JpE7g8.smt2,SAT,0.0296
term-Jzxbf6.smt2,UNSOLVED,20.0
term-K0mzk0.smt2,SAT,0.453
01.smt2,UNSOLVED,20.0
02.smt2,UNSOLVED,20.0
03.smt2,UNSOLVED,20.0
04.smt2,UNSOLVED,20.0
05.smt2,UNSOLVED,20.0
06.smt2,SAT,5.2574
07.smt2,UNSOLVED,20.0
08.smt2,UNSOLVED,20.0
09.smt2,UNSOLVED,20.0
10.smt2,UNSOLVED,20.0
100.smt2,UNSOLVED,20.0
101.smt2,UNSOLVED,20.0
102.smt2,UNSOLVED,20.0
103.smt2,UNSOLVED,20.0
104.smt2,UNSOLVED,20.0
105.smt2,UNSOLVED,20.0
106.smt2,UNSOLVED,20.0
107.smt2,SAT,8.5447
108.smt2,UNSOLVED,20.0
109.smt2,SAT,1.128
11.smt2,UNSOLVED,20.0
110.smt2,UNSOLVED,20.0
111.smt2,UNSOLVED,20.0
112.smt2,UNSOLVED,20.0
113.smt2,SAT,1.2777
114.smt2,UNSOLVED,20.0
115.smt2,SAT,7.4477
116.smt2,UNSOLVED,20.0
117.smt2,SAT,11.8112
118.smt2,SAT,6.8958
119.smt2,UNSOLVED,20.0
12.smt2,UNSOLVED,20.0
120.smt2,UNSOLVED,20.0
121.smt2,UNSOLVED,20.0
122.smt2,UNSOLVED,20.0
123.smt2,UNSOLVED,20.0
124.smt2,UNSOLVED,20.0
125.smt2,UNSOLVED,20.0
126.smt2,UNSOLVED,20.0
127.smt2,UNSOLVED,20.0
128.smt2,UNSOLVED,20.0
129.smt2,UNSOLVED,20.0
13.smt2,UNSOLVED,20.0
130.smt2,UNSOLVED,20.0
131.smt2,UNSOLVED,20.0
132.smt2,UNSOLVED,20.0
133.smt2,UNSOLVED,20.0
134.smt2,UNSOLVED,20.0
135.smt2,UNSOLVED,20.0
136.smt2,UNSOLVED,20.0
SUMMARY,SAT:78 UNSAT:56 UNSOLVED201,4304.8367
